titulo,autor,ISBN,disponibilidade,criterioDeOrdenacao
Orçamento sem falhas,Nath Finanças,9786555601565,Emprestado,Título
Minha Sombria Vanessa,Kate Elizabeth Russell,9788551006276,Disponivel,Título
Recursão,Blake Crouch,9788551005378,Disponivel,Título
M o Filho do Século,Antonio Scurati,9788551006078,Disponivel,Título
Oblivion Song: Entre Dois Mundos,Robert Kirkman,9788551006252,Emprestado,Título
Não se humilha não,Isabela Freitas,9788551006092,Disponivel,Título
Os segredos que guardamos,Lara Prescott,9788551005675,Emprestado,Título
Baby Shark!,Stevie Lewis,9788551005842,Disponivel,Título
A Guerra Pela Uber,Mike Isaac,9788551006214,Reservado,Título
Cidade nas Trevas,Adam Christopher,9788551006290,Disponivel,Título
Território Lovecraft,Matt Ruff,9788551006191,Disponivel,Título
A última porta,Scott Cawthon,9788551005989,Reservado,Título
A Última Festa (e-Book),Lucy Foley,9788551005736,Reservado,Título
Uma chance de lutar, Elizabeth Warren,9788551006313,Disponivel,Título
Uma Dor Tão Doce,David Nicholls,9788551005743,Disponivel,Título
DUPLICADO Este é o Mar,Mariana Enriquez,9788551005019,Disponivel,Título
A Última Festa,Lucy Foley,9788551005729,Reservado,Título
Coragem,Raina Telgemeier,9788551006542,Disponivel,Título
A Convenção das Aves,Ransom Riggs,9788551006238,Reservado,Título
Como o Cérebro Cria,David Eagleman,9788551006481,Disponivel,Título
1793,Niklas Natt och Dag,9788551006320,Disponivel,Título
Território Lovecraft,Matt Ruff,9788551006207,Disponivel,Título
Para Todos os Garotos que Já Amei,Jenny Han,9788580577266,Disponivel,Título
P.S.: Ainda Amo Você,Jenny Han,9788580578690,Disponivel,Título
O Livro de Líbero,Alfredo Nugent Setubal,9788551006177,Emprestado,Título
Terra Americana,Jeanine Cummins,9788551006528,Disponivel,Título
Você não merece ser feliz,Daniel Furlan,9788551006443,Disponivel,Título
O Livro De Líbero,Alfredo Nugent Setubal,9788551006177,Emprestado,Título
Princípios Para O Sucesso,Ray Dalio,9788551006467,Disponivel,Título
Black Hammer (Vol #4),Jeff Lemire,9788551006634,Disponivel,Título
A Convenção Das Aves,Ransom Riggs,9788551006245,Reservado,Título
As Outras Pessoas,C.J. Tudor,9788551006504,Reservado,Título
Uma Dor Tão Doce,David Nicholls,9788551005743,Disponivel,Título
A Grande Gripe,John M. Barry,9786555600162,Reservado,Título
The Outsiders,S. E. Hinton,9788551006627,Disponivel,Título
SuperNormal,Greg James,9788551006719,Disponivel,Título
Inimigo Mortal,Michael T. Osterholm,9786555600131,Disponivel,Título
O Silêncio da Cidade Branca,Eva García Sáenz de Urturi,9788551006689,Emprestado,Título
A Casa Holandesa,Ann Patchett,9788551006184,Reservado,Título
A Tumba do Tirano,Rick Riordan,9788551005347,Reservado,Título
As Outras Pessoas,C.J. Tudor,9788551006504,Reservado,Título
Coraline,Neil Gaiman,9788551006757,Disponivel,Título
Sol da Meia-Noite,Stephenie Meyer,9786555600292,Disponivel,Título
Malorie,Josh Malerman,9786555600254,Disponivel,Título
Observações sobre um planeta nervoso,Matt Haig,9786555600209,Emprestado,Título
Onde os sonhos acontecem,Robert Iger,9788551006672,Emprestado,Título
A Vida Mentirosa dos Adultos,Elena Ferrante,9788551005910,Reservado,Título
Capital e Ideologia,Thomas Piketty,9788551006153,Disponivel,Título
A vida mentirosa dos adultos,Elena Ferrante,9788551006375,Reservado,Título
O Árabe do Futuro,Riad Sattouf,9788551006665,Emprestado,Título
Com Amor Creekwood,Becky Albertalli,9786555600278,Disponivel,Título
A Dança da Água,Ta-Nehisi Coates,9788551006368,Reservado,Título
A Casa Holandesa,Ann Patchett,9788551006603,Reservado,Título
Os Dois Mundos de Isabel,Daniela Arbex,9788551006580,Emprestado,Título
Cartas para Martin,Nic Stone,9788551006658,Disponivel,Título
A dança da água,Ta-Nehisi Coates,9788551006368,Reservado,Título
Adultos, Emma Jane Unsworth,9786555600032,Reservado,Título
Piano Mecânico,Kurt Vonnegut,9786555600223,Disponivel,Título
Amor & Sorte,Jenna Evans Welch,9786555600087,Reservado,Título
Amor & Sorte,Jenna Evans Welch,9786555600094,Reservado,Título
A Regra é Não Ter Regras,Reed Hastings,9786555600315,Reservado,Título
Árvore dos Desejos,K. A. Applegate,9786555600483,Disponivel,Título
A troca,Beth O'Leary,9786555600070,Reservado,Título
A Troca,Beth O'Leary,9788551005941,Reservado,Título
A Caminho da Guerra,Graham Allison,9786555600346,Reservado,Título
Nada Ortodoxa,Deborah Feldman,9786555600452,Disponivel,Título
Ruptura,Monica de Bolle,9786555600360,Disponivel,Título
Cercado de Idiotas,THOMAS ERIKSON,9786555600322,Disponivel,Título
Box Neil Gaiman,NEIL GAIMAN,9786555600551,Disponivel,Título
A Torre de Nero,Rick Riordan,9786555600636,Reservado,Título
Quase uma Rockstar,Matthew Quick,9788580576764,Disponivel,Título
Coraline,Neil Gaiman,9788551006757,Disponivel,Título
Promessa de Pai,Joe Biden,9786555600520,Disponivel,Título
Shine,Jessica Jung,9786555600506,Disponivel,Título
O Refúgio,Mick Kitson,9786555600650,Emprestado,Título
Estas Verdades,Jill Lepore,9786555600612,Disponivel,Título
Adultos, Emma Jane Unsworth,9786555600032,Reservado,Título
Pachinko,Min Jin Lee,9788551005958,Disponivel,Título
A Troca,Beth O'Leary,9786555600438,Reservado,Título
A cachorra,Pilar Quintana,9788551006597,Reservado,Título
Vamos Sonhar Juntos,Papa Francisco,9786555601251,Disponivel,Título
O Esplêndido e o Vil,Erik Larson,9786555600902,Emprestado,Título
Mataram Marielle,Chico Otávio,9786555600384,Disponivel,Título
Royal City: Segredos em família,Jeff Lemire,9786555600926,Disponivel,Título
O Retorno,Nicholas Sparks,9786555650570,Emprestado,Título
Princípios do Estrategista,Felipe Miranda,9786555600810,Disponivel,Título
Nada Ortodoxa,Deborah Feldman,9786555600469,Disponivel,Título
Alexander Hamilton, Ron Chernow,9788551006139,Reservado,Título
Laura Dean vive terminando comigo,Mariko Tamaki,9786555601145,Disponivel,Título
Box Five Nights at Freddys (Trilogia Completa),Scott Cawthon,9786555600858,Disponivel,Título
BOX NÃO SE APEGA NÃO,ISABELA FREITAS,9786555600544,Disponivel,Título
Não é errado ser feliz,Linda Holmes,9786555601121,Disponivel,Título
Não é errado ser feliz,Linda Holmes,9786555601138,Disponivel,Título
A Segunda Vida de Missy,Beth Morrey,9786555600834,Reservado,Título
Quarenta e Quatro em Quarentena,Miguel Pinto Guimarães,9786555601329,Disponivel,Título
Pachinko,Min Jin Lee,9788551006344,Disponivel,Título
